EmployeeNumber,JobRole,Department,YearsAtCompany,YearsSinceLastPromotion,YearsInCurrentRole,Promotion_Priority_Rank
1278,"Healthcare Representative","Research & Development",33,15,9,1
165,"Healthcare Representative","Research & Development",40,15,10,1
1712,"Healthcare Representative","Research & Development",23,14,15,3
1547,"Healthcare Representative","Research & Development",20,13,8,4
145,"Healthcare Representative","Research & Development",13,12,12,5
83,"Healthcare Representative","Research & Development",17,12,14,5
1606,"Healthcare Representative","Research & Development",30,12,8,5
1993,"Healthcare Representative","Research & Development",17,12,14,5
1375,"Healthcare Representative","Research & Development",12,11,11,9
119,"Healthcare Representative","Research & Development",22,11,3,9
343,"Healthcare Representative","Research & Development",19,11,6,9
1127,"Healthcare Representative","Research & Development",18,11,7,9
1092,"Healthcare Representative","Research & Development",11,11,10,9
721,"Healthcare Representative","Research & Development",20,11,7,9
117,"Healthcare Representative","Research & Development",11,10,10,15
1014,"Healthcare Representative","Research & Development",16,10,10,15
124,"Healthcare Representative","Research & Development",10,9,9,17
2009,"Healthcare Representative","Research & Development",9,8,7,18
961,"Healthcare Representative","Research & Development",9,8,7,18
1829,"Healthcare Representative","Research & Development",7,7,4,20
367,"Healthcare Representative","Research & Development",9,7,0,20
1597,"Healthcare Representative","Research & Development",8,7,2,20
1421,"Healthcare Representative","Research & Development",8,7,7,20
13,"Healthcare Representative","Research & Development",7,7,7,20
1553,"Healthcare Representative","Research & Development",10,7,8,20
717,"Healthcare Representative","Research & Development",8,7,7,20
1703,"Healthcare Representative","Research & Development",8,6,7,27
1034,"Healthcare Representative","Research & Development",8,6,7,27
36,"Healthcare Representative","Research & Development",22,5,6,29
1790,"Healthcare Representative","Research & Development",12,5,8,29
924,"Healthcare Representative","Research & Development",16,4,8,31
372,"Healthcare Representative","Research & Development",20,4,7,31
1383,"Healthcare Representative","Research & Development",14,4,11,31
757,"Healthcare Representative","Research & Development",5,4,1,31
1024,"Healthcare Representative","Research & Development",15,4,11,31
692,"Healthcare Representative","Research & Development",13,4,11,31
1118,"Healthcare Representative","Research & Development",8,4,6,31
1184,"Healthcare Representative","Research & Development",13,4,9,31
1821,"Healthcare Representative","Research & Development",9,3,7,39
807,"Healthcare Representative","Research & Development",8,3,7,39
390,"Healthcare Representative","Research & Development",5,3,3,39
417,"Healthcare Representative","Research & Development",18,3,10,39
1529,"Healthcare Representative","Research & Development",11,3,8,39
1903,"Healthcare Representative","Research & Development",2,2,0,44
659,"Healthcare Representative","Research & Development",10,2,2,44
852,"Healthcare Representative","Research & Development",5,2,2,44
902,"Healthcare Representative","Research & Development",5,2,2,44
1022,"Healthcare Representative","Research & Development",2,2,2,44
70,"Healthcare Representative","Research & Development",4,2,0,44
1661,"Healthcare Representative","Research & Development",15,2,11,44
1970,"Healthcare Representative","Research & Development",9,2,7,44
1630,"Healthcare Representative","Research & Development",14,2,11,44
1552,"Healthcare Representative","Research & Development",2,2,2,44
1252,"Healthcare Representative","Research & Development",10,1,9,54
482,"Healthcare Representative","Research & Development",3,1,2,54
1981,"Healthcare Representative","Research & Development",4,1,3,54
1088,"Healthcare Representative","Research & Development",19,1,9,54
1814,"Healthcare Representative","Research & Development",3,1,2,54
1473,"Healthcare Representative","Research & Development",3,1,2,54
393,"Healthcare Representative","Research & Development",2,1,2,54
1082,"Healthcare Representative","Research & Development",10,1,7,54
1689,"Healthcare Representative","Research & Development",4,1,3,54
1590,"Healthcare Representative","Research & Development",6,1,4,54
40,"Healthcare Representative","Research & Development",4,1,2,54
1859,"Healthcare Representative","Research & Development",7,1,0,54
491,"Healthcare Representative","Research & Development",4,1,3,54
724,"Healthcare Representative","Research & Development",9,1,7,54
2026,"Healthcare Representative","Research & Development",13,1,12,54
2062,"Healthcare Representative","Research & Development",7,1,7,54
998,"Healthcare Representative","Research & Development",6,1,5,54
1099,"Healthcare Representative","Research & Development",3,1,2,54
369,"Healthcare Representative","Research & Development",6,1,3,54
969,"Healthcare Representative","Research & Development",5,1,0,54
1955,"Healthcare Representative","Research & Development",5,1,1,54
1763,"Healthcare Representative","Research & Development",7,1,0,54
223,"Healthcare Representative","Research & Development",5,1,3,54
1344,"Healthcare Representative","Research & Development",9,1,7,54
422,"Healthcare Representative","Research & Development",5,1,3,54
1260,"Healthcare Representative","Research & Development",6,1,0,54
762,"Healthcare Representative","Research & Development",10,1,7,54
1161,"Healthcare Representative","Research & Development",6,1,2,54
793,"Healthcare Representative","Research & Development",8,1,7,54
1766,"Healthcare Representative","Research & Development",1,1,0,54
837,"Healthcare Representative","Research & Development",4,1,3,54
258,"Healthcare Representative","Research & Development",7,1,7,54
1312,"Healthcare Representative","Research & Development",7,1,7,54
624,"Healthcare Representative","Research & Development",2,1,2,54
1501,"Healthcare Representative","Research & Development",3,1,2,54
282,"Healthcare Representative","Research & Development",1,0,0,89
1587,"Healthcare Representative","Research & Development",5,0,2,89
287,"Healthcare Representative","Research & Development",3,0,2,89
288,"Healthcare Representative","Research & Development",4,0,2,89
1103,"Healthcare Representative","Research & Development",6,0,2,89
1727,"Healthcare Representative","Research & Development",10,0,7,89
2049,"Healthcare Representative","Research & Development",10,0,2,89
496,"Healthcare Representative","Research & Development",1,0,1,89
1971,"Healthcare Representative","Research & Development",10,0,9,89
499,"Healthcare Representative","Research & Development",5,0,2,89
1954,"Healthcare Representative","Research & Development",5,0,3,89
1544,"Healthcare Representative","Research & Development",7,0,7,89
1922,"Healthcare Representative","Research & Development",4,0,2,89
1697,"Healthcare Representative","Research & Development",1,0,0,89
451,"Healthcare Representative","Research & Development",1,0,0,89
1822,"Healthcare Representative","Research & Development",5,0,3,89
764,"Healthcare Representative","Research & Development",7,0,6,89
1803,"Healthcare Representative","Research & Development",0,0,0,89
1515,"Healthcare Representative","Research & Development",0,0,0,89
771,"Healthcare Representative","Research & Development",1,0,0,89
412,"Healthcare Representative","Research & Development",8,0,3,89
1753,"Healthcare Representative","Research & Development",3,0,2,89
1484,"Healthcare Representative","Research & Development",8,0,7,89
526,"Healthcare Representative","Research & Development",5,0,2,89
1682,"Healthcare Representative","Research & Development",3,0,2,89
139,"Healthcare Representative","Research & Development",1,0,0,89
1460,"Healthcare Representative","Research & Development",7,0,7,89
1664,"Healthcare Representative","Research & Development",5,0,4,89
551,"Healthcare Representative","Research & Development",6,0,5,89
1397,"Healthcare Representative","Research & Development",6,0,4,89
1651,"Healthcare Representative","Research & Development",3,0,2,89
586,"Healthcare Representative","Research & Development",8,0,7,89
587,"Healthcare Representative","Research & Development",1,0,0,89
431,"Healthcare Representative","Research & Development",7,0,1,89
1062,"Healthcare Representative","Research & Development",4,0,3,89
477,"Healthcare Representative","Research & Development",1,0,0,89
1295,"Healthcare Representative","Research & Development",10,0,7,89
940,"Healthcare Representative","Research & Development",6,0,0,89
942,"Healthcare Representative","Research & Development",10,0,6,89
616,"Healthcare Representative","Research & Development",8,0,7,89
1251,"Healthcare Representative","Research & Development",6,0,5,89
1033,"Healthcare Representative","Research & Development",1,0,0,89
634,"Healthcare Representative","Research & Development",1,0,0,89
698,"Human Resources","Human Resources",9,7,7,1
1314,"Human Resources","Human Resources",7,5,6,2
1152,"Human Resources","Human Resources",7,5,6,2
177,"Human Resources","Human Resources",8,5,7,2
184,"Human Resources","Human Resources",11,4,9,5
1794,"Human Resources","Human Resources",10,4,0,5
1805,"Human Resources","Human Resources",11,3,10,7
760,"Human Resources","Human Resources",8,3,3,7
1098,"Human Resources","Human Resources",20,3,6,7
1844,"Human Resources","Human Resources",2,2,2,10
321,"Human Resources","Human Resources",2,2,2,10
1858,"Human Resources","Human Resources",3,2,2,10
1683,"Human Resources","Human Resources",2,2,2,10
1746,"Human Resources","Human Resources",2,2,2,10
1467,"Human Resources","Human Resources",2,2,2,10
1818,"Human Resources","Human Resources",5,1,1,16
1778,"Human Resources","Human Resources",9,1,7,16
1499,"Human Resources","Human Resources",5,1,3,16
424,"Human Resources","Human Resources",2,1,2,16
470,"Human Resources","Human Resources",3,1,2,16
1972,"Human Resources","Human Resources",6,1,2,16
1722,"Human Resources","Human Resources",3,1,2,16
1207,"Human Resources","Human Resources",5,1,4,16
1289,"Human Resources","Human Resources",10,1,9,16
1563,"Human Resources","Human Resources",6,1,3,16
1987,"Human Resources","Human Resources",2,1,0,16
1747,"Human Resources","Human Resources",4,1,2,16
608,"Human Resources","Human Resources",7,1,7,16
1164,"Human Resources","Human Resources",5,1,4,16
2040,"Human Resources","Human Resources",9,1,0,16
1714,"Human Resources","Human Resources",1,0,0,31
869,"Human Resources","Human Resources",5,0,1,31
133,"Human Resources","Human Resources",3,0,2,31
103,"Human Resources","Human Resources",4,0,2,31
1944,"Human Resources","Human Resources",1,0,0,31
1461,"Human Resources","Human Resources",3,0,2,31
1890,"Human Resources","Human Resources",10,0,1,31
910,"Human Resources","Human Resources",4,0,3,31
1231,"Human Resources","Human Resources",4,0,3,31
1865,"Human Resources","Human Resources",1,0,0,31
1842,"Human Resources","Human Resources",1,0,0,31
1642,"Human Resources","Human Resources",10,0,7,31
847,"Human Resources","Human Resources",3,0,2,31
829,"Human Resources","Human Resources",5,0,2,31
665,"Human Resources","Human Resources",2,0,2,31
1419,"Human Resources","Human Resources",10,0,9,31
590,"Human Resources","Human Resources",3,0,2,31
1744,"Human Resources","Human Resources",5,0,0,31
909,"Human Resources","Human Resources",5,0,4,31
878,"Human Resources","Human Resources",5,0,4,31
566,"Human Resources","Human Resources",1,0,0,31
1049,"Human Resources","Human Resources",6,0,3,31
1042,"Laboratory Technician","Research & Development",17,15,13,1
515,"Laboratory Technician","Research & Development",18,12,7,2
373,"Laboratory Technician","Research & Development",15,10,13,3
79,"Laboratory Technician","Research & Development",10,9,3,4
1985,"Laboratory Technician","Research & Development",10,9,9,4
2032,"Laboratory Technician","Research & Development",10,9,9,4
425,"Laboratory Technician","Research & Development",24,9,9,4
1224,"Laboratory Technician","Research & Development",10,8,7,8
1918,"Laboratory Technician","Research & Development",7,7,7,9
1952,"Laboratory Technician","Research & Development",7,7,7,9
238,"Laboratory Technician","Research & Development",8,7,7,9
1299,"Laboratory Technician","Research & Development",7,7,7,9
351,"Laboratory Technician","Research & Development",9,7,6,9
1297,"Laboratory Technician","Research & Development",7,7,0,9
1377,"Laboratory Technician","Research & Development",8,7,7,9
1046,"Laboratory Technician","Research & Development",8,7,7,9
1315,"Laboratory Technician","Research & Development",9,7,8,9
239,"Laboratory Technician","Research & Development",12,6,9,18
1311,"Laboratory Technician","Research & Development",9,6,2,18
571,"Laboratory Technician","Research & Development",11,6,7,18
1596,"Laboratory Technician","Research & Development",10,6,9,18
1693,"Laboratory Technician","Research & Development",7,5,7,22
1737,"Laboratory Technician","Research & Development",9,5,8,22
1285,"Laboratory Technician","Research & Development",11,5,8,22
1549,"Laboratory Technician","Research & Development",15,5,14,22
1106,"Laboratory Technician","Research & Development",7,5,7,22
1480,"Laboratory Technician","Research & Development",12,5,9,22
2010,"Laboratory Technician","Research & Development",6,4,2,28
1696,"Laboratory Technician","Research & Development",15,4,10,28
577,"Laboratory Technician","Research & Development",5,4,4,28
663,"Laboratory Technician","Research & Development",8,4,7,28
772,"Laboratory Technician","Research & Development",10,4,8,28
281,"Laboratory Technician","Research & Development",7,3,2,33
8,"Laboratory Technician","Research & Development",7,3,7,33
888,"Laboratory Technician","Research & Development",5,3,2,33
530,"Laboratory Technician","Research & Development",4,3,2,33
304,"Laboratory Technician","Research & Development",13,3,11,33
958,"Laboratory Technician","Research & Development",11,3,8,33
1852,"Laboratory Technician","Research & Development",11,3,8,33
104,"Laboratory Technician","Research & Development",10,3,8,33
57,"Laboratory Technician","Research & Development",12,3,8,33
1675,"Laboratory Technician","Research & Development",4,3,3,33
1216,"Laboratory Technician","Research & Development",6,3,5,33
716,"Laboratory Technician","Research & Development",20,3,8,33
957,"Laboratory Technician","Research & Development",18,2,13,45
1234,"Laboratory Technician","Research & Development",2,2,2,45
1856,"Laboratory Technician","Research & Development",2,2,2,45
932,"Laboratory Technician","Research & Development",2,2,2,45
1464,"Laboratory Technician","Research & Development",2,2,2,45
1279,"Laboratory Technician","Research & Development",2,2,2,45
792,"Laboratory Technician","Research & Development",2,2,2,45
2003,"Laboratory Technician","Research & Development",2,2,2,45
1185,"Laboratory Technician","Research & Development",2,2,2,45
455,"Laboratory Technician","Research & Development",3,2,2,45
75,"Laboratory Technician","Research & Development",2,2,2,45
769,"Laboratory Technician","Research & Development",2,2,2,45
1102,"Laboratory Technician","Research & Development",4,2,2,45
1001,"Laboratory Technician","Research & Development",2,2,2,45
169,"Laboratory Technician","Research & Development",2,2,1,45
65,"Laboratory Technician","Research & Development",2,2,2,45
7,"Laboratory Technician","Research & Development",2,2,2,45
1674,"Laboratory Technician","Research & Development",2,2,2,45
1160,"Laboratory Technician","Research & Development",2,2,2,45
1916,"Laboratory Technician","Research & Development",2,2,2,45
1698,"Laboratory Technician","Research & Development",14,2,11,45
316,"Laboratory Technician","Research & Development",2,2,2,45
245,"Laboratory Technician","Research & Development",2,2,2,45
1296,"Laboratory Technician","Research & Development",2,2,2,45
591,"Laboratory Technician","Research & Development",2,2,2,45
1509,"Laboratory Technician","Research & Development",3,1,2,70
517,"Laboratory Technician","Research & Development",5,1,2,70
1309,"Laboratory Technician","Research & Development",10,1,4,70
584,"Laboratory Technician","Research & Development",4,1,3,70
927,"Laboratory Technician","Research & Development",7,1,7,70
1420,"Laboratory Technician","Research & Development",4,1,3,70
200,"Laboratory Technician","Research & Development",5,1,0,70
355,"Laboratory Technician","Research & Development",5,1,4,70
198,"Laboratory Technician","Research & Development",5,1,3,70
1434,"Laboratory Technician","Research & Development",5,1,0,70
1221,"Laboratory Technician","Research & Development",7,1,7,70
894,"Laboratory Technician","Research & Development",5,1,3,70
269,"Laboratory Technician","Research & Development",6,1,2,70
593,"Laboratory Technician","Research & Development",2,1,2,70
1435,"Laboratory Technician","Research & Development",10,1,4,70
1440,"Laboratory Technician","Research & Development",6,1,5,70
1028,"Laboratory Technician","Research & Development",3,1,2,70
647,"Laboratory Technician","Research & Development",6,1,3,70
150,"Laboratory Technician","Research & Development",5,1,3,70
1173,"Laboratory Technician","Research & Development",4,1,3,70
286,"Laboratory Technician","Research & Development",8,1,1,70
1907,"Laboratory Technician","Research & Development",4,1,2,70
536,"Laboratory Technician","Research & Development",10,1,0,70
1172,"Laboratory Technician","Research & Development",8,1,0,70
1883,"Laboratory Technician","Research & Development",3,1,2,70
1333,"Laboratory Technician","Research & Development",3,1,2,70
1659,"Laboratory Technician","Research & Development",4,1,3,70
1735,"Laboratory Technician","Research & Development",3,1,2,70
1725,"Laboratory Technician","Research & Development",6,1,2,70
1017,"Laboratory Technician","Research & Development",3,1,2,70
1094,"Laboratory Technician","Research & Development",3,1,2,70
18,"Laboratory Technician","Research & Development",2,1,2,70
1019,"Laboratory Technician","Research & Development",4,1,3,70
744,"Laboratory Technician","Research & Development",5,1,2,70
1709,"Laboratory Technician","Research & Development",5,1,3,70
1083,"Laboratory Technician","Research & Development",5,1,3,70
944,"Laboratory Technician","Research & Development",26,1,9,70
813,"Laboratory Technician","Research & Development",5,1,2,70
1079,"Laboratory Technician","Research & Development",1,1,0,70
137,"Laboratory Technician","Research & Development",1,1,0,70
1198,"Laboratory Technician","Research & Development",2,1,2,70
132,"Laboratory Technician","Research & Development",3,1,2,70
41,"Laboratory Technician","Research & Development",10,1,0,70
525,"Laboratory Technician","Research & Development",3,1,2,70
1684,"Laboratory Technician","Research & Development",5,1,4,70
328,"Laboratory Technician","Research & Development",9,1,7,70
1617,"Laboratory Technician","Research & Development",9,1,6,70
1611,"Laboratory Technician","Research & Development",10,1,7,70
243,"Laboratory Technician","Research & Development",1,1,0,70
331,"Laboratory Technician","Research & Development",3,1,2,70
934,"Laboratory Technician","Research & Development",1,1,0,70
332,"Laboratory Technician","Research & Development",3,1,2,70
483,"Laboratory Technician","Research & Development",7,1,7,70
76,"Laboratory Technician","Research & Development",7,1,7,70
1358,"Laboratory Technician","Research & Development",3,1,2,70
1586,"Laboratory Technician","Research & Development",10,1,9,70
562,"Laboratory Technician","Research & Development",5,1,3,70
1989,"Laboratory Technician","Research & Development",12,1,8,70
1564,"Laboratory Technician","Research & Development",3,1,0,70
2068,"Laboratory Technician","Research & Development",4,1,3,70
1534,"Laboratory Technician","Research & Development",5,1,4,70
1982,"Laboratory Technician","Research & Development",5,1,2,70
1533,"Laboratory Technician","Research & Development",4,1,3,70
430,"Laboratory Technician","Research & Development",8,1,7,70
249,"Laboratory Technician","Research & Development",3,0,2,134
960,"Laboratory Technician","Research & Development",1,0,0,134
4,"Laboratory Technician","Research & Development",0,0,0,134
972,"Laboratory Technician","Research & Development",9,0,7,134
10,"Laboratory Technician","Research & Development",1,0,0,134
11,"Laboratory Technician","Research & Development",1,0,0,134
996,"Laboratory Technician","Research & Development",5,0,3,134
14,"Laboratory Technician","Research & Development",5,0,4,134
15,"Laboratory Technician","Research & Development",9,0,5,134
1002,"Laboratory Technician","Research & Development",9,0,8,134
19,"Laboratory Technician","Research & Development",4,0,2,134
1010,"Laboratory Technician","Research & Development",4,0,2,134
1802,"Laboratory Technician","Research & Development",4,0,3,134
22,"Laboratory Technician","Research & Development",1,0,0,134
1030,"Laboratory Technician","Research & Development",1,0,0,134
405,"Laboratory Technician","Research & Development",0,0,0,134
556,"Laboratory Technician","Research & Development",1,0,0,134
407,"Laboratory Technician","Research & Development",1,0,0,134
1052,"Laboratory Technician","Research & Development",1,0,0,134
1107,"Laboratory Technician","Research & Development",1,0,1,134
1111,"Laboratory Technician","Research & Development",1,0,0,134
1132,"Laboratory Technician","Research & Development",5,0,4,134
419,"Laboratory Technician","Research & Development",9,0,8,134
1148,"Laboratory Technician","Research & Development",1,0,0,134
1156,"Laboratory Technician","Research & Development",0,0,0,134
39,"Laboratory Technician","Research & Development",1,0,1,134
1158,"Laboratory Technician","Research & Development",1,0,0,134
1175,"Laboratory Technician","Research & Development",1,0,1,134
1177,"Laboratory Technician","Research & Development",8,0,7,134
1192,"Laboratory Technician","Research & Development",10,0,8,134
578,"Laboratory Technician","Research & Development",1,0,0,134
1219,"Laboratory Technician","Research & Development",1,0,0,134
1258,"Laboratory Technician","Research & Development",1,0,0,134
53,"Laboratory Technician","Research & Development",1,0,0,134
54,"Laboratory Technician","Research & Development",1,0,0,134
55,"Laboratory Technician","Research & Development",1,0,0,134
1286,"Laboratory Technician","Research & Development",4,0,2,134
1361,"Laboratory Technician","Research & Development",4,0,2,134
1368,"Laboratory Technician","Research & Development",0,0,0,134
1369,"Laboratory Technician","Research & Development",9,0,7,134
1409,"Laboratory Technician","Research & Development",5,0,4,134
63,"Laboratory Technician","Research & Development",1,0,0,134
64,"Laboratory Technician","Research & Development",1,0,0,134
1411,"Laboratory Technician","Research & Development",3,0,2,134
1415,"Laboratory Technician","Research & Development",3,0,2,134
1417,"Laboratory Technician","Research & Development",7,0,7,134
1447,"Laboratory Technician","Research & Development",5,0,4,134
602,"Laboratory Technician","Research & Development",8,0,3,134
448,"Laboratory Technician","Research & Development",9,0,7,134
1449,"Laboratory Technician","Research & Development",8,0,7,134
1458,"Laboratory Technician","Research & Development",1,0,0,134
1471,"Laboratory Technician","Research & Development",5,0,2,134
1494,"Laboratory Technician","Research & Development",0,0,0,134
454,"Laboratory Technician","Research & Development",7,0,7,134
1502,"Laboratory Technician","Research & Development",5,0,4,134
1504,"Laboratory Technician","Research & Development",0,0,0,134
1513,"Laboratory Technician","Research & Development",3,0,2,134
1542,"Laboratory Technician","Research & Development",1,0,0,134
1551,"Laboratory Technician","Research & Development",1,0,1,134
1569,"Laboratory Technician","Research & Development",1,0,0,134
97,"Laboratory Technician","Research & Development",1,0,0,134
1594,"Laboratory Technician","Research & Development",3,0,2,134
622,"Laboratory Technician","Research & Development",1,0,0,134
1599,"Laboratory Technician","Research & Development",6,0,4,134
1601,"Laboratory Technician","Research & Development",1,0,0,134
1604,"Laboratory Technician","Research & Development",1,0,1,134
1619,"Laboratory Technician","Research & Development",7,0,7,134
471,"Laboratory Technician","Research & Development",8,0,0,134
1627,"Laboratory Technician","Research & Development",10,0,8,134
1649,"Laboratory Technician","Research & Development",4,0,2,134
1687,"Laboratory Technician","Research & Development",0,0,0,134
116,"Laboratory Technician","Research & Development",4,0,2,134
1692,"Laboratory Technician","Research & Development",1,0,0,134
1718,"Laboratory Technician","Research & Development",3,0,2,134
1721,"Laboratory Technician","Research & Development",5,0,2,134
643,"Laboratory Technician","Research & Development",1,0,0,134
1760,"Laboratory Technician","Research & Development",6,0,1,134
325,"Laboratory Technician","Research & Development",5,0,4,134
1768,"Laboratory Technician","Research & Development",5,0,3,134
486,"Laboratory Technician","Research & Development",5,0,4,134
1772,"Laboratory Technician","Research & Development",5,0,3,134
1782,"Laboratory Technician","Research & Development",5,0,4,134
1783,"Laboratory Technician","Research & Development",1,0,0,134
652,"Laboratory Technician","Research & Development",3,0,2,134
1807,"Laboratory Technician","Research & Development",7,0,1,134
1826,"Laboratory Technician","Research & Development",5,0,4,134
144,"Laboratory Technician","Research & Development",0,0,0,134
147,"Laboratory Technician","Research & Development",9,0,7,134
497,"Laboratory Technician","Research & Development",5,0,2,134
1850,"Laboratory Technician","Research & Development",5,0,4,134
1860,"Laboratory Technician","Research & Development",0,0,0,134
1881,"Laboratory Technician","Research & Development",10,0,8,134
1949,"Laboratory Technician","Research & Development",5,0,4,134
155,"Laboratory Technician","Research & Development",1,0,0,134
1960,"Laboratory Technician","Research & Development",4,0,1,134
1974,"Laboratory Technician","Research & Development",1,0,0,134
1992,"Laboratory Technician","Research & Development",2,0,2,134
1994,"Laboratory Technician","Research & Development",1,0,1,134
2012,"Laboratory Technician","Research & Development",1,0,0,134
2053,"Laboratory Technician","Research & Development",4,0,3,134
359,"Laboratory Technician","Research & Development",5,0,1,134
2061,"Laboratory Technician","Research & Development",5,0,2,134
362,"Laboratory Technician","Research & Development",6,0,2,134
686,"Laboratory Technician","Research & Development",3,0,2,134
364,"Laboratory Technician","Research & Development",0,0,0,134
704,"Laboratory Technician","Research & Development",1,0,0,134
758,"Laboratory Technician","Research & Development",4,0,3,134
521,"Laboratory Technician","Research & Development",1,0,0,134
806,"Laboratory Technician","Research & Development",2,0,2,134
811,"Laboratory Technician","Research & Development",0,0,0,134
812,"Laboratory Technician","Research & Development",1,0,0,134
190,"Laboratory Technician","Research & Development",5,0,4,134
816,"Laboratory Technician","Research & Development",1,0,0,134
832,"Laboratory Technician","Research & Development",1,0,0,134
874,"Laboratory Technician","Research & Development",3,0,2,134
882,"Laboratory Technician","Research & Development",3,0,0,134
911,"Laboratory Technician","Research & Development",1,0,0,134
912,"Laboratory Technician","Research & Development",4,0,3,134
201,"Laboratory Technician","Research & Development",1,0,0,134
538,"Laboratory Technician","Research & Development",2,0,2,134
918,"Laboratory Technician","Research & Development",1,0,0,134
389,"Laboratory Technician","Research & Development",10,0,7,134
206,"Laboratory Technician","Research & Development",17,0,9,134
951,"Laboratory Technician","Research & Development",3,0,0,134
392,"Laboratory Technician","Research & Development",1,0,0,134
394,"Laboratory Technician","Research & Development",3,0,2,134
569,Manager,"Research & Development",27,15,10,1
329,Manager,Sales,33,15,7,1
1307,Manager,"Research & Development",19,15,9,1
981,Manager,Sales,17,15,13,1
1204,Manager,Sales,26,15,15,1
1288,Manager,"Research & Development",25,14,9,6
809,Manager,"Research & Development",24,14,7,6
905,Manager,"Research & Development",31,14,6,6
1824,Manager,Sales,16,14,9,6
1109,Manager,"Research & Development",22,13,6,10
444,Manager,"Research & Development",21,13,9,10
1740,Manager,Sales,21,12,8,12
731,Manager,"Human Resources",21,12,6,12
319,Manager,"Research & Development",22,11,17,14
259,Manager,"Research & Development",33,11,18,14
264,Manager,"Research & Development",20,11,8,14
429,Manager,"Research & Development",21,11,9,14
625,Manager,Sales,18,11,16,14
549,Manager,"Research & Development",29,11,8,14
1892,Manager,"Research & Development",19,11,7,14
1282,Manager,Sales,29,11,10,14
644,Manager,"Human Resources",32,10,5,22
376,Manager,"Research & Development",10,9,7,23
1336,Manager,"Research & Development",19,9,9,23
253,Manager,"Research & Development",20,9,8,23
428,Manager,"Research & Development",10,8,6,26
582,Manager,"Research & Development",7,7,6,27
976,Manager,"Research & Development",9,7,8,27
1550,Manager,"Human Resources",21,7,7,27
597,Manager,Sales,10,7,9,27
1338,Manager,"Human Resources",7,7,3,27
199,Manager,"Research & Development",7,7,6,27
363,Manager,Sales,7,7,7,27
1074,Manager,"Research & Development",9,6,7,34
992,Manager,Sales,10,6,8,34
381,Manager,"Research & Development",7,6,7,34
1866,Manager,"Research & Development",16,6,12,34
1038,Manager,Sales,32,6,14,34
153,Manager,"Research & Development",11,5,10,39
1527,Manager,Sales,13,5,12,39
158,Manager,Sales,25,4,12,41
1201,Manager,"Research & Development",7,4,7,41
32,Manager,"Research & Development",14,4,13,41
851,Manager,Sales,20,4,6,41
374,Manager,"Research & Development",36,4,10,41
148,Manager,"Human Resources",5,4,3,41
2031,Manager,"Research & Development",22,4,6,41
226,Manager,"Research & Development",5,4,4,41
1191,Manager,"Research & Development",5,4,2,41
1124,Manager,Sales,12,4,9,41
1665,Manager,"Research & Development",10,4,8,41
1900,Manager,"Research & Development",22,4,17,41
23,Manager,Sales,25,3,8,53
820,Manager,"Research & Development",26,3,14,53
1267,Manager,Sales,22,3,9,53
38,Manager,Sales,2,2,2,56
1215,Manager,"Research & Development",2,2,2,56
140,Manager,"Human Resources",3,2,2,56
1334,Manager,"Research & Development",20,2,8,56
1644,Manager,"Research & Development",2,2,2,56
734,Manager,"Human Resources",22,2,7,56
1786,Manager,"Research & Development",2,2,2,56
1578,Manager,Sales,36,2,6,56
1116,Manager,"Research & Development",5,2,4,56
1045,Manager,Sales,9,1,3,65
1676,Manager,Sales,3,1,2,65
2022,Manager,"Research & Development",6,1,0,65
336,Manager,"Research & Development",24,1,0,65
1973,Manager,"Human Resources",10,1,9,65
531,Manager,"Research & Development",21,1,8,65
1520,Manager,"Research & Development",14,1,9,65
787,Manager,"Research & Development",5,1,2,65
1625,Manager,"Human Resources",5,1,2,65
776,Manager,Sales,34,1,6,65
546,Manager,"Research & Development",5,1,2,65
327,Manager,Sales,17,1,13,65
1277,Manager,Sales,24,1,10,65
505,Manager,"Research & Development",5,1,4,65
558,Manager,Sales,20,1,15,65
1516,Manager,"Research & Development",5,0,2,80
1677,Manager,"Research & Development",8,0,7,80
613,Manager,Sales,5,0,4,80
84,Manager,"Research & Development",5,0,0,80
473,Manager,Sales,0,0,0,80
1280,Manager,Sales,11,0,4,80
1938,Manager,Sales,1,0,0,80
410,Manager,Sales,22,0,10,80
323,Manager,Sales,7,0,0,80
1306,Manager,"Research & Development",0,0,0,80
1029,Manager,Sales,1,0,0,80
1321,Manager,"Research & Development",9,0,1,80
1352,Manager,"Human Resources",33,0,9,80
1408,Manager,"Human Resources",20,0,7,80
1256,Manager,"Research & Development",1,0,0,80
1591,Manager,Sales,1,0,0,80
298,Manager,Sales,1,0,0,80
664,Manager,"Research & Development",3,0,2,80
568,Manager,Sales,1,0,0,80
1602,Manager,Sales,26,0,0,80
1595,Manager,"Research & Development",1,0,0,80
671,Manager,"Research & Development",2,0,2,80
1048,Manager,Sales,6,0,4,80
1373,"Manufacturing Director","Research & Development",19,15,16,1
1827,"Manufacturing Director","Research & Development",22,14,11,2
1628,"Manufacturing Director","Research & Development",18,14,15,2
1026,"Manufacturing Director","Research & Development",21,11,6,4
20,"Manufacturing Director","Research & Development",10,8,9,5
442,"Manufacturing Director","Research & Development",10,8,9,5
1997,"Manufacturing Director","Research & Development",8,7,3,7
689,"Manufacturing Director","Research & Development",10,7,7,7
1936,"Manufacturing Director","Research & Development",10,7,0,7
1618,"Manufacturing Director","Research & Development",7,7,7,7
836,"Manufacturing Director","Research & Development",9,7,8,7
1073,"Manufacturing Director","Research & Development",14,7,8,7
1237,"Manufacturing Director","Research & Development",7,7,7,7
78,"Manufacturing Director","Research & Development",9,7,8,7
1615,"Manufacturing Director","Research & Development",9,7,7,7
966,"Manufacturing Director","Research & Development",8,6,7,16
830,"Manufacturing Director","Research & Development",14,6,13,16
1389,"Manufacturing Director","Research & Development",10,6,2,16
1182,"Manufacturing Director","Research & Development",7,6,7,16
601,"Manufacturing Director","Research & Development",20,5,6,20
605,"Manufacturing Director","Research & Development",10,5,9,20
880,"Manufacturing Director","Research & Development",17,5,14,20
1360,"Manufacturing Director","Research & Development",10,5,9,20
1283,"Manufacturing Director","Research & Development",9,5,7,20
339,"Manufacturing Director","Research & Development",11,5,9,20
1294,"Manufacturing Director","Research & Development",16,5,14,20
292,"Manufacturing Director","Research & Development",11,5,8,20
170,"Manufacturing Director","Research & Development",15,5,11,20
803,"Manufacturing Director","Research & Development",15,4,7,29
899,"Manufacturing Director","Research & Development",13,4,10,29
635,"Manufacturing Director","Research & Development",6,4,5,29
462,"Manufacturing Director","Research & Development",11,4,9,29
1032,"Manufacturing Director","Research & Development",5,4,3,29
1857,"Manufacturing Director","Research & Development",9,4,8,29
1459,"Manufacturing Director","Research & Development",10,4,8,29
1635,"Manufacturing Director","Research & Development",10,3,7,36
1196,"Manufacturing Director","Research & Development",14,3,8,36
1009,"Manufacturing Director","Research & Development",4,3,2,36
1633,"Manufacturing Director","Research & Development",9,3,2,36
524,"Manufacturing Director","Research & Development",13,3,10,36
1641,"Manufacturing Director","Research & Development",4,3,2,36
1888,"Manufacturing Director","Research & Development",9,3,8,36
987,"Manufacturing Director","Research & Development",19,2,10,43
1025,"Manufacturing Director","Research & Development",2,2,2,43
1043,"Manufacturing Director","Research & Development",21,2,6,43
1496,"Manufacturing Director","Research & Development",2,2,2,43
1525,"Manufacturing Director","Research & Development",2,2,0,43
274,"Manufacturing Director","Research & Development",2,2,2,43
872,"Manufacturing Director","Research & Development",2,2,2,43
1027,"Manufacturing Director","Research & Development",3,2,2,43
1412,"Manufacturing Director","Research & Development",2,2,2,43
26,"Manufacturing Director","Research & Development",4,1,2,52
799,"Manufacturing Director","Research & Development",5,1,3,52
1228,"Manufacturing Director","Research & Development",6,1,3,52
1514,"Manufacturing Director","Research & Development",8,1,6,52
98,"Manufacturing Director","Research & Development",11,1,7,52
1736,"Manufacturing Director","Research & Development",5,1,4,52
110,"Manufacturing Director","Research & Development",5,1,2,52
1245,"Manufacturing Director","Research & Development",5,1,4,52
1005,"Manufacturing Director","Research & Development",12,1,11,52
1465,"Manufacturing Director","Research & Development",3,1,1,52
1804,"Manufacturing Director","Research & Development",7,1,7,52
1298,"Manufacturing Director","Research & Development",8,1,4,52
611,"Manufacturing Director","Research & Development",3,1,2,52
250,"Manufacturing Director","Research & Development",4,1,2,52
1018,"Manufacturing Director","Research & Development",8,1,7,52
256,"Manufacturing Director","Research & Development",10,1,9,52
466,"Manufacturing Director","Research & Development",5,1,4,52
273,"Manufacturing Director","Research & Development",7,1,7,52
275,"Manufacturing Director","Research & Development",7,1,7,52
1150,"Manufacturing Director","Research & Development",10,1,7,52
733,"Manufacturing Director","Research & Development",9,1,7,52
1614,"Manufacturing Director","Research & Development",3,1,2,52
2057,"Manufacturing Director","Research & Development",9,1,4,52
1096,"Manufacturing Director","Research & Development",3,1,2,52
308,"Manufacturing Director","Research & Development",5,1,4,52
350,"Manufacturing Director","Research & Development",4,1,2,52
1980,"Manufacturing Director","Research & Development",5,1,2,52
384,"Manufacturing Director","Research & Development",6,1,5,52
408,"Manufacturing Director","Research & Development",4,1,1,52
845,"Manufacturing Director","Research & Development",8,1,5,52
623,"Manufacturing Director","Research & Development",6,1,5,52
1322,"Manufacturing Director","Research & Development",8,1,7,52
1662,"Manufacturing Director","Research & Development",3,1,2,52
1573,"Manufacturing Director","Research & Development",5,1,2,52
1654,"Manufacturing Director","Research & Development",5,1,4,52
1572,"Manufacturing Director","Research & Development",33,1,7,52
12,"Manufacturing Director","Research & Development",9,1,7,52
1121,"Manufacturing Director","Research & Development",9,1,7,52
112,"Manufacturing Director","Research & Development",6,0,4,90
1728,"Manufacturing Director","Research & Development",7,0,7,90
178,"Manufacturing Director","Research & Development",3,0,2,90
920,"Manufacturing Director","Research & Development",1,0,0,90
270,"Manufacturing Director","Research & Development",5,0,3,90
867,"Manufacturing Director","Research & Development",9,0,8,90
85,"Manufacturing Director","Research & Development",6,0,5,90
1966,"Manufacturing Director","Research & Development",1,0,0,90
1809,"Manufacturing Director","Research & Development",10,0,3,90
550,"Manufacturing Director","Research & Development",10,0,7,90
725,"Manufacturing Director","Research & Development",9,0,7,90
1084,"Manufacturing Director","Research & Development",6,0,2,90
699,"Manufacturing Director","Research & Development",3,0,2,90
341,"Manufacturing Director","Research & Development",3,0,2,90
77,"Manufacturing Director","Research & Development",7,0,5,90
342,"Manufacturing Director","Research & Development",1,0,0,90
2064,"Manufacturing Director","Research & Development",6,0,2,90
1724,"Manufacturing Director","Research & Development",1,0,0,90
1013,"Manufacturing Director","Research & Development",10,0,7,90
261,"Manufacturing Director","Research & Development",1,0,0,90
574,"Manufacturing Director","Research & Development",5,0,0,90
1775,"Manufacturing Director","Research & Development",3,0,2,90
823,"Manufacturing Director","Research & Development",9,0,7,90
743,"Manufacturing Director","Research & Development",1,0,0,90
543,"Manufacturing Director","Research & Development",5,0,4,90
548,"Manufacturing Director","Research & Development",5,0,4,90
581,"Manufacturing Director","Research & Development",13,0,8,90
1007,"Manufacturing Director","Research & Development",8,0,7,90
1545,"Manufacturing Director","Research & Development",5,0,3,90
1401,"Manufacturing Director","Research & Development",5,0,3,90
2034,"Manufacturing Director","Research & Development",20,0,7,90
1367,"Manufacturing Director","Research & Development",5,0,2,90
827,"Manufacturing Director","Research & Development",4,0,3,90
1011,"Manufacturing Director","Research & Development",4,0,3,90
926,"Manufacturing Director","Research & Development",3,0,2,90
1653,"Manufacturing Director","Research & Development",7,0,7,90
460,"Manufacturing Director","Research & Development",6,0,2,90
487,"Manufacturing Director","Research & Development",1,0,0,90
1816,"Manufacturing Director","Research & Development",7,0,7,90
464,"Manufacturing Director","Research & Development",16,0,6,90
1363,"Manufacturing Director","Research & Development",10,0,9,90
271,"Manufacturing Director","Research & Development",1,0,0,90
2025,"Manufacturing Director","Research & Development",4,0,2,90
833,"Manufacturing Director","Research & Development",0,0,0,90
1638,"Manufacturing Director","Research & Development",5,0,4,90
211,"Manufacturing Director","Research & Development",1,0,0,90
208,"Manufacturing Director","Research & Development",10,0,7,90
1631,"Manufacturing Director","Research & Development",4,0,3,90
775,"Manufacturing Director","Research & Development",0,0,0,90
518,"Manufacturing Director","Research & Development",1,0,0,90
1126,"Manufacturing Director","Research & Development",8,0,7,90
1133,"Manufacturing Director","Research & Development",11,0,9,90
179,"Manufacturing Director","Research & Development",4,0,2,90
1622,"Manufacturing Director","Research & Development",5,0,3,90
1886,"Manufacturing Director","Research & Development",3,0,2,90
1140,"Manufacturing Director","Research & Development",3,0,2,90
58,"Research Director","Research & Development",22,15,15,1
162,"Research Director","Research & Development",20,15,18,1
1523,"Research Director","Research & Development",20,14,6,3
80,"Research Director","Research & Development",27,13,3,4
1539,"Research Director","Research & Development",32,13,6,4
825,"Research Director","Research & Development",31,13,15,4
1867,"Research Director","Research & Development",22,12,10,7
1422,"Research Director","Research & Development",20,12,7,7
73,"Research Director","Research & Development",15,8,14,9
1719,"Research Director","Research & Development",21,8,6,9
1472,"Research Director","Research & Development",9,8,8,9
727,"Research Director","Research & Development",7,7,7,12
1061,"Research Director","Research & Development",8,7,1,12
1485,"Research Director","Research & Development",14,6,8,14
1666,"Research Director","Research & Development",14,6,10,14
2017,"Research Director","Research & Development",16,6,11,14
1911,"Research Director","Research & Development",13,5,7,17
950,"Research Director","Research & Development",15,5,12,17
2000,"Research Director","Research & Development",13,5,8,17
1443,"Research Director","Research & Development",20,5,17,17
1035,"Research Director","Research & Development",21,5,16,17
296,"Research Director","Research & Development",10,4,9,22
1941,"Research Director","Research & Development",5,4,4,22
1128,"Research Director","Research & Development",20,4,7,22
1979,"Research Director","Research & Development",11,4,7,22
1468,"Research Director","Research & Development",9,4,8,22
817,"Research Director","Research & Development",13,3,9,27
901,"Research Director","Research & Development",12,3,9,27
520,"Research Director","Research & Development",25,3,10,27
352,"Research Director","Research & Development",21,3,7,27
1789,"Research Director","Research & Development",2,2,1,31
1069,"Research Director","Research & Development",2,2,2,31
28,"Research Director","Research & Development",12,2,6,31
1166,"Research Director","Research & Development",18,2,7,31
337,"Research Director","Research & Development",2,2,2,31
254,"Research Director","Research & Development",24,2,15,31
461,"Research Director","Research & Development",11,2,10,31
1837,"Research Director","Research & Development",2,2,2,31
1800,"Research Director","Research & Development",4,2,3,31
1317,"Research Director","Research & Development",3,1,2,40
1423,"Research Director","Research & Development",9,1,8,40
1656,"Research Director","Research & Development",14,1,11,40
1015,"Research Director","Research & Development",8,1,7,40
843,"Research Director","Research & Development",4,1,1,40
447,"Research Director","Research & Development",3,1,2,40
1608,"Research Director","Research & Development",22,1,7,40
1655,"Research Director","Research & Development",4,1,2,40
396,"Research Director","Research & Development",3,1,2,40
997,"Research Director","Research & Development",5,1,4,40
2015,"Research Director","Research & Development",18,1,16,40
730,"Research Director","Research & Development",5,1,1,40
386,"Research Director","Research & Development",5,1,3,40
385,"Research Director","Research & Development",10,1,4,40
1264,"Research Director","Research & Development",7,1,7,40
522,"Research Director","Research & Development",4,1,2,40
1430,"Research Director","Research & Development",3,1,2,40
101,"Research Director","Research & Development",0,0,0,57
421,"Research Director","Research & Development",10,0,8,57
1217,"Research Director","Research & Development",4,0,2,57
575,"Research Director","Research & Development",3,0,2,57
844,"Research Director","Research & Development",9,0,8,57
999,"Research Director","Research & Development",18,0,16,57
1255,"Research Director","Research & Development",8,0,7,57
1424,"Research Director","Research & Development",7,0,7,57
742,"Research Director","Research & Development",8,0,7,57
661,"Research Director","Research & Development",1,0,0,57
141,"Research Director","Research & Development",8,0,3,57
468,"Research Director","Research & Development",1,0,0,57
815,"Research Director","Research & Development",4,0,3,57
1250,"Research Director","Research & Development",10,0,9,57
126,"Research Director","Research & Development",4,0,3,57
612,"Research Director","Research & Development",6,0,1,57
638,"Research Director","Research & Development",31,0,9,57
306,"Research Director","Research & Development",10,0,8,57
1770,"Research Director","Research & Development",1,0,0,57
1242,"Research Director","Research & Development",1,0,0,57
564,"Research Director","Research & Development",10,0,2,57
380,"Research Director","Research & Development",5,0,2,57
102,"Research Director","Research & Development",5,0,2,57
1263,"Research Director","Research & Development",1,0,0,57
1225,"Research Scientist","Research & Development",20,13,11,1
691,"Research Scientist","Research & Development",17,11,11,2
529,"Research Scientist","Research & Development",13,10,11,3
452,"Research Scientist","Research & Development",10,9,9,4
702,"Research Scientist","Research & Development",10,9,8,4
683,"Research Scientist","Research & Development",10,8,9,6
1701,"Research Scientist","Research & Development",10,8,9,6
1956,"Research Scientist","Research & Development",10,8,8,6
1346,"Research Scientist","Research & Development",9,8,8,6
913,"Research Scientist","Research & Development",8,7,7,10
1246,"Research Scientist","Research & Development",10,7,5,10
1537,"Research Scientist","Research & Development",7,7,2,10
780,"Research Scientist","Research & Development",10,7,9,10
1640,"Research Scientist","Research & Development",8,7,4,10
397,"Research Scientist","Research & Development",8,7,0,10
1658,"Research Scientist","Research & Development",11,7,8,10
1405,"Research Scientist","Research & Development",8,7,2,10
1870,"Research Scientist","Research & Development",7,7,6,10
1798,"Research Scientist","Research & Development",10,7,8,10
1576,"Research Scientist","Research & Development",8,7,2,10
433,"Research Scientist","Research & Development",8,7,2,10
881,"Research Scientist","Research & Development",10,7,2,10
474,"Research Scientist","Research & Development",7,6,7,23
1932,"Research Scientist","Research & Development",15,6,10,23
1244,"Research Scientist","Research & Development",9,6,7,23
33,"Research Scientist","Research & Development",10,6,2,23
630,"Research Scientist","Research & Development",10,6,9,23
1241,"Research Scientist","Research & Development",11,5,9,28
579,"Research Scientist","Research & Development",7,5,3,28
391,"Research Scientist","Research & Development",17,5,12,28
1238,"Research Scientist","Research & Development",14,4,10,31
16,"Research Scientist","Research & Development",5,4,2,31
802,"Research Scientist","Research & Development",5,4,3,31
335,"Research Scientist","Research & Development",9,4,8,31
164,"Research Scientist","Research & Development",5,4,4,31
161,"Research Scientist","Research & Development",5,4,4,31
1976,"Research Scientist","Research & Development",20,3,9,37
5,"Research Scientist","Research & Development",8,3,7,37
741,"Research Scientist","Research & Development",7,3,7,37
1854,"Research Scientist","Research & Development",6,3,3,37
1392,"Research Scientist","Research & Development",6,3,2,37
1101,"Research Scientist","Research & Development",13,3,7,37
1543,"Research Scientist","Research & Development",10,3,8,37
1905,"Research Scientist","Research & Development",5,3,2,37
930,"Research Scientist","Research & Development",2,2,2,45
1871,"Research Scientist","Research & Development",2,2,2,45
1131,"Research Scientist","Research & Development",2,2,2,45
241,"Research Scientist","Research & Development",2,2,2,45
1081,"Research Scientist","Research & Development",10,2,0,45
138,"Research Scientist","Research & Development",16,2,13,45
1623,"Research Scientist","Research & Development",2,2,2,45
1291,"Research Scientist","Research & Development",3,2,2,45
752,"Research Scientist","Research & Development",2,2,2,45
493,"Research Scientist","Research & Development",2,2,2,45
875,"Research Scientist","Research & Development",2,2,1,45
218,"Research Scientist","Research & Development",2,2,2,45
826,"Research Scientist","Research & Development",2,2,2,45
1483,"Research Scientist","Research & Development",12,2,9,45
763,"Research Scientist","Research & Development",4,2,2,45
501,"Research Scientist","Research & Development",2,2,2,45
202,"Research Scientist","Research & Development",20,2,7,45
197,"Research Scientist","Research & Development",3,2,2,45
45,"Research Scientist","Research & Development",2,2,0,45
1948,"Research Scientist","Research & Development",4,2,2,45
1162,"Research Scientist","Research & Development",4,2,2,45
1060,"Research Scientist","Research & Development",2,2,2,45
1792,"Research Scientist","Research & Development",5,2,3,45
1592,"Research Scientist","Research & Development",2,2,2,45
675,"Research Scientist","Research & Development",2,2,2,45
193,"Research Scientist","Research & Development",3,2,2,45
440,"Research Scientist","Research & Development",3,2,2,45
2048,"Research Scientist","Research & Development",2,2,2,45
217,"Research Scientist","Research & Development",2,2,2,45
1108,"Research Scientist","Research & Development",2,2,2,45
1275,"Research Scientist","Research & Development",8,2,5,45
284,"Research Scientist","Research & Development",4,2,2,45
1580,"Research Scientist","Research & Development",2,2,2,45
710,"Research Scientist","Research & Development",10,2,7,45
1668,"Research Scientist","Research & Development",13,2,11,45
1969,"Research Scientist","Research & Development",4,2,3,45
1308,"Research Scientist","Research & Development",2,2,2,45
277,"Research Scientist","Research & Development",5,2,3,45
262,"Research Scientist","Research & Development",5,2,4,45
426,"Research Scientist","Research & Development",2,2,2,45
2027,"Research Scientist","Research & Development",2,2,2,45
1303,"Research Scientist","Research & Development",2,2,2,45
828,"Research Scientist","Research & Development",2,2,2,45
1555,"Research Scientist","Research & Development",7,2,1,45
143,"Research Scientist","Research & Development",2,2,2,45
305,"Research Scientist","Research & Development",3,1,2,90
24,"Research Scientist","Research & Development",3,1,2,90
346,"Research Scientist","Research & Development",6,1,5,90
379,"Research Scientist","Research & Development",3,1,2,90
31,"Research Scientist","Research & Development",4,1,2,90
403,"Research Scientist","Research & Development",4,1,2,90
434,"Research Scientist","Research & Development",4,1,3,90
46,"Research Scientist","Research & Development",5,1,3,90
441,"Research Scientist","Research & Development",10,1,8,90
495,"Research Scientist","Research & Development",3,1,2,90
511,"Research Scientist","Research & Development",2,1,1,90
565,"Research Scientist","Research & Development",2,1,2,90
639,"Research Scientist","Research & Development",6,1,5,90
649,"Research Scientist","Research & Development",6,1,5,90
1120,"Research Scientist","Research & Development",7,1,5,90
1143,"Research Scientist","Research & Development",7,1,5,90
1202,"Research Scientist","Research & Development",5,1,4,90
1249,"Research Scientist","Research & Development",3,1,2,90
1301,"Research Scientist","Research & Development",3,1,2,90
2,"Research Scientist","Research & Development",10,1,7,90
1350,"Research Scientist","Research & Development",9,1,6,90
88,"Research Scientist","Research & Development",3,1,2,90
1394,"Research Scientist","Research & Development",6,1,4,90
1402,"Research Scientist","Research & Development",20,1,7,90
1407,"Research Scientist","Research & Development",4,1,3,90
95,"Research Scientist","Research & Development",1,1,1,90
1431,"Research Scientist","Research & Development",4,1,3,90
1438,"Research Scientist","Research & Development",6,1,5,90
1441,"Research Scientist","Research & Development",3,1,2,90
1474,"Research Scientist","Research & Development",3,1,1,90
107,"Research Scientist","Research & Development",13,1,11,90
1475,"Research Scientist","Research & Development",5,1,2,90
1053,"Research Scientist","Research & Development",3,1,2,90
865,"Research Scientist","Research & Development",5,1,3,90
856,"Research Scientist","Research & Development",6,1,5,90
848,"Research Scientist","Research & Development",8,1,7,90
1574,"Research Scientist","Research & Development",6,1,5,90
1068,"Research Scientist","Research & Development",5,1,3,90
1605,"Research Scientist","Research & Development",4,1,2,90
838,"Research Scientist","Research & Development",5,1,2,90
1609,"Research Scientist","Research & Development",6,1,4,90
1621,"Research Scientist","Research & Development",16,1,15,90
1646,"Research Scientist","Research & Development",6,1,3,90
1648,"Research Scientist","Research & Development",4,1,2,90
1671,"Research Scientist","Research & Development",9,1,5,90
1694,"Research Scientist","Research & Development",4,1,2,90
804,"Research Scientist","Research & Development",6,1,5,90
1097,"Research Scientist","Research & Development",8,1,7,90
171,"Research Scientist","Research & Development",3,1,2,90
1704,"Research Scientist","Research & Development",5,1,4,90
1720,"Research Scientist","Research & Development",5,1,2,90
1080,"Research Scientist","Research & Development",16,1,13,90
797,"Research Scientist","Research & Development",4,1,2,90
791,"Research Scientist","Research & Development",4,1,3,90
1751,"Research Scientist","Research & Development",6,1,2,90
1755,"Research Scientist","Research & Development",5,1,0,90
1771,"Research Scientist","Research & Development",9,1,8,90
1813,"Research Scientist","Research & Development",3,1,2,90
1830,"Research Scientist","Research & Development",7,1,1,90
1834,"Research Scientist","Research & Development",3,1,2,90
1868,"Research Scientist","Research & Development",1,1,0,90
1893,"Research Scientist","Research & Development",1,1,0,90
1931,"Research Scientist","Research & Development",5,1,3,90
1934,"Research Scientist","Research & Development",8,1,7,90
1947,"Research Scientist","Research & Development",5,1,3,90
227,"Research Scientist","Research & Development",9,1,8,90
701,"Research Scientist","Research & Development",1,1,0,90
700,"Research Scientist","Research & Development",4,1,2,90
231,"Research Scientist","Research & Development",5,1,4,90
233,"Research Scientist","Research & Development",5,1,2,90
1998,"Research Scientist","Research & Development",4,1,3,90
1999,"Research Scientist","Research & Development",5,1,3,90
2007,"Research Scientist","Research & Development",3,1,2,90
991,"Research Scientist","Research & Development",3,1,2,90
2014,"Research Scientist","Research & Development",7,1,7,90
247,"Research Scientist","Research & Development",3,1,2,90
2020,"Research Scientist","Research & Development",4,1,3,90
252,"Research Scientist","Research & Development",8,1,7,90
2038,"Research Scientist","Research & Development",4,1,2,90
267,"Research Scientist","Research & Development",8,1,7,90
2052,"Research Scientist","Research & Development",4,1,3,90
300,"Research Scientist","Research & Development",6,1,2,90
21,"Research Scientist","Research & Development",6,0,2,172
510,"Research Scientist","Research & Development",6,0,4,172
30,"Research Scientist","Research & Development",0,0,0,172
423,"Research Scientist","Research & Development",5,0,2,172
1729,"Research Scientist","Research & Development",10,0,0,172
933,"Research Scientist","Research & Development",1,0,1,172
861,"Research Scientist","Research & Development",5,0,4,172
51,"Research Scientist","Research & Development",1,0,1,172
1012,"Research Scientist","Research & Development",0,0,0,172
1607,"Research Scientist","Research & Development",3,0,2,172
439,"Research Scientist","Research & Development",7,0,7,172
61,"Research Scientist","Research & Development",1,0,0,172
514,"Research Scientist","Research & Development",1,0,0,172
1885,"Research Scientist","Research & Development",5,0,3,172
1085,"Research Scientist","Research & Development",10,0,6,172
662,"Research Scientist","Research & Development",0,0,0,172
1195,"Research Scientist","Research & Development",3,0,2,172
86,"Research Scientist","Research & Development",1,0,0,172
90,"Research Scientist","Research & Development",1,0,0,172
1878,"Research Scientist","Research & Development",1,0,0,172
94,"Research Scientist","Research & Development",5,0,4,172
96,"Research Scientist","Research & Development",10,0,4,172
1154,"Research Scientist","Research & Development",3,0,1,172
105,"Research Scientist","Research & Development",6,0,4,172
1004,"Research Scientist","Research & Development",5,0,2,172
834,"Research Scientist","Research & Development",1,0,0,172
1767,"Research Scientist","Research & Development",1,0,0,172
1071,"Research Scientist","Research & Development",5,0,4,172
544,"Research Scientist","Research & Development",2,0,2,172
1210,"Research Scientist","Research & Development",1,0,0,172
1764,"Research Scientist","Research & Development",7,0,7,172
1136,"Research Scientist","Research & Development",5,0,3,172
655,"Research Scientist","Research & Development",5,0,3,172
134,"Research Scientist","Research & Development",1,0,0,172
1762,"Research Scientist","Research & Development",1,0,0,172
151,"Research Scientist","Research & Development",1,0,0,172
1016,"Research Scientist","Research & Development",1,0,0,172
547,"Research Scientist","Research & Development",5,0,4,172
159,"Research Scientist","Research & Development",10,0,7,172
784,"Research Scientist","Research & Development",2,0,2,172
1546,"Research Scientist","Research & Development",5,0,4,172
1745,"Research Scientist","Research & Development",9,0,7,172
657,"Research Scientist","Research & Development",1,0,0,172
1115,"Research Scientist","Research & Development",0,0,0,172
560,"Research Scientist","Research & Development",3,0,2,172
1873,"Research Scientist","Research & Development",5,0,2,172
1206,"Research Scientist","Research & Development",0,0,0,172
192,"Research Scientist","Research & Development",6,0,5,172
194,"Research Scientist","Research & Development",5,0,4,172
1203,"Research Scientist","Research & Development",0,0,0,172
824,"Research Scientist","Research & Development",10,0,7,172
854,"Research Scientist","Research & Development",4,0,3,172
1200,"Research Scientist","Research & Development",6,0,4,172
214,"Research Scientist","Research & Development",1,0,0,172
450,"Research Scientist","Research & Development",4,0,3,172
465,"Research Scientist","Research & Development",4,0,2,172
221,"Research Scientist","Research & Development",5,0,2,172
224,"Research Scientist","Research & Development",1,0,1,172
850,"Research Scientist","Research & Development",0,0,0,172
923,"Research Scientist","Research & Development",1,0,0,172
1558,"Research Scientist","Research & Development",1,0,0,172
1647,"Research Scientist","Research & Development",3,0,2,172
242,"Research Scientist","Research & Development",3,0,1,172
1847,"Research Scientist","Research & Development",1,0,0,172
246,"Research Scientist","Research & Development",4,0,2,172
1310,"Research Scientist","Research & Development",5,0,2,172
260,"Research Scientist","Research & Development",7,0,7,172
773,"Research Scientist","Research & Development",1,0,0,172
679,"Research Scientist","Research & Development",6,0,4,172
949,"Research Scientist","Research & Development",6,0,2,172
1193,"Research Scientist","Research & Development",1,0,1,172
2054,"Research Scientist","Research & Development",5,0,4,172
2051,"Research Scientist","Research & Development",5,0,3,172
680,"Research Scientist","Research & Development",1,0,0,172
1270,"Research Scientist","Research & Development",1,0,0,172
1340,"Research Scientist","Research & Development",4,0,2,172
1433,"Research Scientist","Research & Development",1,0,0,172
895,"Research Scientist","Research & Development",6,0,4,172
297,"Research Scientist","Research & Development",5,0,2,172
1707,"Research Scientist","Research & Development",5,0,3,172
1577,"Research Scientist","Research & Development",1,0,0,172
1839,"Research Scientist","Research & Development",0,0,0,172
1180,"Research Scientist","Research & Development",1,0,1,172
1581,"Research Scientist","Research & Development",1,0,0,172
1269,"Research Scientist","Research & Development",1,0,0,172
977,"Research Scientist","Research & Development",1,0,0,172
309,"Research Scientist","Research & Development",1,0,0,172
1799,"Research Scientist","Research & Development",5,0,3,172
1448,"Research Scientist","Research & Development",4,0,2,172
945,"Research Scientist","Research & Development",0,0,0,172
1382,"Research Scientist","Research & Development",4,0,2,172
1374,"Research Scientist","Research & Development",5,0,4,172
1265,"Research Scientist","Research & Development",1,0,0,172
1259,"Research Scientist","Research & Development",5,0,3,172
887,"Research Scientist","Research & Development",4,0,2,172
315,"Research Scientist","Research & Development",4,0,3,172
2008,"Research Scientist","Research & Development",10,0,7,172
1257,"Research Scientist","Research & Development",11,0,10,172
1292,"Research Scientist","Research & Development",1,0,0,172
334,"Research Scientist","Research & Development",1,0,0,172
338,"Research Scientist","Research & Development",2,0,2,172
340,"Research Scientist","Research & Development",3,0,1,172
347,"Research Scientist","Research & Development",3,0,2,172
939,"Research Scientist","Research & Development",3,0,2,172
1248,"Research Scientist","Research & Development",1,0,1,172
705,"Research Scientist","Research & Development",3,0,2,172
1482,"Research Scientist","Research & Development",1,0,0,172
353,"Research Scientist","Research & Development",1,0,0,172
377,"Research Scientist","Research & Development",5,0,2,172
1006,"Research Scientist","Research & Development",2,0,1,172
1235,"Research Scientist","Research & Development",8,0,7,172
994,"Research Scientist","Research & Development",0,0,0,172
715,"Research Scientist","Research & Development",1,0,0,172
995,"Research Scientist","Research & Development",3,0,2,172
395,"Research Scientist","Research & Development",5,0,3,172
1940,"Research Scientist","Research & Development",5,0,2,172
1506,"Research Scientist","Research & Development",1,0,0,172
1939,"Research Scientist","Research & Development",4,0,1,172
1937,"Research Scientist","Research & Development",20,0,11,172
964,"Research Scientist","Research & Development",1,0,1,172
1522,"Research Scientist","Research & Development",9,0,7,172
244,"Sales Executive",Sales,24,15,13,1
1293,"Sales Executive",Sales,21,15,7,1
1716,"Sales Executive",Sales,23,14,5,3
573,"Sales Executive",Sales,18,13,13,4
1815,"Sales Executive",Sales,22,13,14,4
1167,"Sales Executive",Sales,21,13,9,4
302,"Sales Executive",Sales,19,12,7,7
1975,"Sales Executive",Sales,20,11,8,8
746,"Sales Executive",Sales,22,11,2,8
970,"Sales Executive",Sales,14,11,1,8
1039,"Sales Executive",Sales,12,11,11,8
387,"Sales Executive",Sales,20,11,16,8
1329,"Sales Executive",Sales,19,11,2,8
2036,"Sales Executive",Sales,15,11,12,8
436,"Sales Executive",Sales,13,11,12,8
1489,"Sales Executive",Sales,15,10,9,16
513,"Sales Executive",Sales,10,9,9,17
1453,"Sales Executive",Sales,13,9,7,17
1324,"Sales Executive",Sales,10,9,8,17
1356,"Sales Executive",Sales,10,9,8,17
592,"Sales Executive",Sales,10,9,3,17
291,"Sales Executive",Sales,14,9,8,17
2056,"Sales Executive",Sales,20,9,9,17
60,"Sales Executive",Sales,9,8,5,24
1535,"Sales Executive",Sales,10,8,9,24
1706,"Sales Executive",Sales,10,8,9,24
1708,"Sales Executive",Sales,10,8,8,24
682,"Sales Executive",Sales,14,8,7,24
532,"Sales Executive",Sales,7,7,7,29
1070,"Sales Executive",Sales,9,7,4,29
903,"Sales Executive",Sales,7,7,6,29
626,"Sales Executive",Sales,9,7,5,29
228,"Sales Executive",Sales,10,7,9,29
163,"Sales Executive",Sales,7,7,7,29
382,"Sales Executive",Sales,8,7,0,29
1548,"Sales Executive",Sales,8,7,4,29
401,"Sales Executive",Sales,8,7,7,29
1849,"Sales Executive",Sales,7,7,7,29
416,"Sales Executive",Sales,8,7,7,29
476,"Sales Executive",Sales,8,7,7,29
846,"Sales Executive",Sales,8,7,7,29
488,"Sales Executive",Sales,8,7,7,29
1319,"Sales Executive",Sales,8,7,7,29
1582,"Sales Executive",Sales,9,7,8,29
747,"Sales Executive",Sales,8,7,7,29
1588,"Sales Executive",Sales,7,7,6,29
1557,"Sales Executive",Sales,8,7,7,29
567,"Sales Executive",Sales,9,7,8,29
361,"Sales Executive",Sales,8,7,7,29
1066,"Sales Executive",Sales,7,7,7,29
982,"Sales Executive",Sales,8,7,4,29
842,"Sales Executive",Sales,9,7,7,29
840,"Sales Executive",Sales,9,7,8,29
1797,"Sales Executive",Sales,10,7,7,29
81,"Sales Executive",Sales,21,7,16,29
406,"Sales Executive",Sales,11,6,9,56
1050,"Sales Executive",Sales,15,6,7,56
595,"Sales Executive",Sales,9,6,7,56
1562,"Sales Executive",Sales,10,6,8,56
1362,"Sales Executive",Sales,15,6,7,56
600,"Sales Executive",Sales,11,6,9,56
1667,"Sales Executive",Sales,11,6,9,56
1639,"Sales Executive",Sales,13,6,12,56
1995,"Sales Executive",Sales,15,5,13,64
307,"Sales Executive",Sales,16,5,10,64
1986,"Sales Executive",Sales,11,5,8,64
125,"Sales Executive",Sales,11,5,8,64
1784,"Sales Executive",Sales,12,5,7,64
2016,"Sales Executive",Sales,14,5,10,64
889,"Sales Executive",Sales,10,5,8,64
621,"Sales Executive",Sales,10,5,7,64
1845,"Sales Executive",Sales,8,5,7,64
182,"Sales Executive",Sales,15,5,11,64
653,"Sales Executive",Sales,7,5,7,64
1612,"Sales Executive",Sales,10,4,7,75
35,"Sales Executive",Sales,9,4,7,75
1117,"Sales Executive",Sales,15,4,10,75
1100,"Sales Executive",Sales,8,4,7,75
533,"Sales Executive",Sales,5,4,4,75
1823,"Sales Executive",Sales,10,4,8,75
420,"Sales Executive",Sales,13,4,8,75
1403,"Sales Executive",Sales,6,4,2,75
404,"Sales Executive",Sales,20,4,4,75
312,"Sales Executive",Sales,11,4,10,75
1457,"Sales Executive",Sales,7,4,7,75
1243,"Sales Executive",Sales,13,4,2,75
857,"Sales Executive",Sales,18,4,14,75
118,"Sales Executive",Sales,9,4,8,75
967,"Sales Executive",Sales,16,3,7,89
1380,"Sales Executive",Sales,4,3,2,89
1165,"Sales Executive",Sales,11,3,8,89
207,"Sales Executive",Sales,9,3,8,89
1372,"Sales Executive",Sales,19,3,7,89
1391,"Sales Executive",Sales,4,3,2,89
1478,"Sales Executive",Sales,13,3,9,89
2024,"Sales Executive",Sales,9,3,7,89
606,"Sales Executive",Sales,8,3,7,89
1119,"Sales Executive",Sales,8,2,7,98
100,"Sales Executive",Sales,15,2,13,98
215,"Sales Executive",Sales,12,2,11,98
1779,"Sales Executive",Sales,2,2,2,98
121,"Sales Executive",Sales,11,2,8,98
475,"Sales Executive",Sales,2,2,2,98
1833,"Sales Executive",Sales,3,2,2,98
1733,"Sales Executive",Sales,2,2,2,98
1862,"Sales Executive",Sales,2,2,2,98
1801,"Sales Executive",Sales,2,2,2,98
154,"Sales Executive",Sales,9,2,7,98
1863,"Sales Executive",Sales,19,2,17,98
1645,"Sales Executive",Sales,2,2,2,98
174,"Sales Executive",Sales,2,2,2,98
175,"Sales Executive",Sales,2,2,2,98
1560,"Sales Executive",Sales,2,2,2,98
1812,"Sales Executive",Sales,2,2,1,98
754,"Sales Executive",Sales,2,2,2,98
1933,"Sales Executive",Sales,2,2,0,98
1950,"Sales Executive",Sales,14,2,8,98
720,"Sales Executive",Sales,2,2,2,98
1968,"Sales Executive",Sales,2,2,2,98
712,"Sales Executive",Sales,2,2,2,98
1479,"Sales Executive",Sales,2,2,1,98
732,"Sales Executive",Sales,2,2,2,98
333,"Sales Executive",Sales,3,2,2,98
1466,"Sales Executive",Sales,2,2,2,98
1037,"Sales Executive",Sales,2,2,2,98
183,"Sales Executive",Sales,2,2,2,98
897,"Sales Executive",Sales,2,2,0,98
1138,"Sales Executive",Sales,9,2,8,98
2055,"Sales Executive",Sales,3,2,2,98
641,"Sales Executive",Sales,5,1,3,130
1882,"Sales Executive",Sales,5,1,3,130
631,"Sales Executive",Sales,4,1,2,130
1880,"Sales Executive",Sales,10,1,9,130
1396,"Sales Executive",Sales,3,1,2,130
516,"Sales Executive",Sales,5,1,4,130
1836,"Sales Executive",Sales,5,1,3,130
677,"Sales Executive",Sales,5,1,0,130
481,"Sales Executive",Sales,13,1,9,130
975,"Sales Executive",Sales,5,1,2,130
983,"Sales Executive",Sales,5,1,3,130
1163,"Sales Executive",Sales,6,1,5,130
1598,"Sales Executive",Sales,5,1,4,130
1681,"Sales Executive",Sales,6,1,5,130
463,"Sales Executive",Sales,7,1,7,130
1171,"Sales Executive",Sales,6,1,4,130
786,"Sales Executive",Sales,6,1,5,130
785,"Sales Executive",Sales,5,1,4,130
1188,"Sales Executive",Sales,4,1,3,130
1568,"Sales Executive",Sales,4,1,2,130
438,"Sales Executive",Sales,7,1,7,130
449,"Sales Executive",Sales,5,1,4,130
1399,"Sales Executive",Sales,3,1,2,130
1318,"Sales Executive",Sales,5,1,4,130
52,"Sales Executive",Sales,5,1,3,130
1756,"Sales Executive",Sales,11,1,7,130
56,"Sales Executive",Sales,9,1,8,130
1395,"Sales Executive",Sales,5,1,4,130
68,"Sales Executive",Sales,4,1,3,130
1179,"Sales Executive",Sales,10,1,3,130
456,"Sales Executive",Sales,10,1,9,130
781,"Sales Executive",Sales,6,1,5,130
492,"Sales Executive",Sales,6,1,4,130
1218,"Sales Executive",Sales,7,1,7,130
729,"Sales Executive",Sales,18,1,13,130
728,"Sales Executive",Sales,7,1,7,130
1908,"Sales Executive",Sales,4,1,2,130
1909,"Sales Executive",Sales,5,1,4,130
1912,"Sales Executive",Sales,5,1,2,130
723,"Sales Executive",Sales,4,1,3,130
1929,"Sales Executive",Sales,3,1,2,130
74,"Sales Executive",Sales,9,1,8,130
650,"Sales Executive",Sales,3,1,1,130
1700,"Sales Executive",Sales,6,1,3,130
1507,"Sales Executive",Sales,4,1,2,130
800,"Sales Executive",Sales,4,1,2,130
1503,"Sales Executive",Sales,5,1,4,130
1233,"Sales Executive",Sales,11,1,7,130
91,"Sales Executive",Sales,4,1,3,130
1951,"Sales Executive",Sales,8,1,7,130
106,"Sales Executive",Sales,1,1,0,130
1390,"Sales Executive",Sales,5,1,4,130
120,"Sales Executive",Sales,10,1,7,130
656,"Sales Executive",Sales,3,1,0,130
1239,"Sales Executive",Sales,5,1,1,130
1240,"Sales Executive",Sales,4,1,3,130
707,"Sales Executive",Sales,3,1,2,130
1650,"Sales Executive",Sales,5,1,2,130
1349,"Sales Executive",Sales,9,1,3,130
131,"Sales Executive",Sales,37,1,10,130
1469,"Sales Executive",Sales,5,1,4,130
580,"Sales Executive",Sales,3,1,2,130
599,"Sales Executive",Sales,14,1,3,130
152,"Sales Executive",Sales,5,1,3,130
796,"Sales Executive",Sales,4,1,3,130
690,"Sales Executive",Sales,6,1,0,130
808,"Sales Executive",Sales,3,1,2,130
1583,"Sales Executive",Sales,3,1,2,130
1355,"Sales Executive",Sales,7,1,7,130
2035,"Sales Executive",Sales,8,1,7,130
527,"Sales Executive",Sales,5,1,4,130
2041,"Sales Executive",Sales,10,1,7,130
1754,"Sales Executive",Sales,7,1,7,130
523,"Sales Executive",Sales,3,1,2,130
283,"Sales Executive",Sales,10,1,4,130
984,"Sales Executive",Sales,10,0,9,205
1040,"Sales Executive",Sales,18,0,7,205
507,"Sales Executive",Sales,5,0,2,205
502,"Sales Executive",Sales,5,0,2,205
500,"Sales Executive",Sales,7,0,7,205
1003,"Sales Executive",Sales,9,0,0,205
498,"Sales Executive",Sales,7,0,5,205
1585,"Sales Executive",Sales,1,0,0,205
1,"Sales Executive",Sales,6,0,4,205
479,"Sales Executive",Sales,1,0,0,205
1853,"Sales Executive",Sales,0,0,0,205
469,"Sales Executive",Sales,4,0,3,205
604,"Sales Executive",Sales,6,0,5,205
458,"Sales Executive",Sales,8,0,7,205
1915,"Sales Executive",Sales,4,0,2,205
453,"Sales Executive",Sales,4,0,3,205
1869,"Sales Executive",Sales,8,0,7,205
855,"Sales Executive",Sales,9,0,8,205
1211,"Sales Executive",Sales,4,0,3,205
1212,"Sales Executive",Sales,0,0,0,205
446,"Sales Executive",Sales,7,0,7,205
445,"Sales Executive",Sales,1,0,0,205
859,"Sales Executive",Sales,5,0,2,205
437,"Sales Executive",Sales,5,0,4,205
862,"Sales Executive",Sales,5,0,2,205
1898,"Sales Executive",Sales,8,0,7,205
62,"Sales Executive",Sales,9,0,6,205
72,"Sales Executive",Sales,2,0,2,205
1036,"Sales Executive",Sales,1,0,0,205
128,"Sales Executive",Sales,3,0,2,205
129,"Sales Executive",Sales,5,0,4,205
142,"Sales Executive",Sales,6,0,4,205
160,"Sales Executive",Sales,7,0,7,205
1220,"Sales Executive",Sales,10,0,7,205
176,"Sales Executive",Sales,9,0,7,205
1924,"Sales Executive",Sales,10,0,4,205
1927,"Sales Executive",Sales,7,0,7,205
195,"Sales Executive",Sales,8,0,7,205
204,"Sales Executive",Sales,10,0,8,205
230,"Sales Executive",Sales,8,0,3,205
1935,"Sales Executive",Sales,0,0,0,205
1731,"Sales Executive",Sales,1,0,0,205
864,"Sales Executive",Sales,5,0,4,205
1669,"Sales Executive",Sales,10,0,0,205
1670,"Sales Executive",Sales,6,0,2,205
1943,"Sales Executive",Sales,0,0,0,205
722,"Sales Executive",Sales,10,0,7,205
1945,"Sales Executive",Sales,5,0,3,205
936,"Sales Executive",Sales,5,0,4,205
904,"Sales Executive",Sales,10,0,0,205
1673,"Sales Executive",Sales,10,0,0,205
620,"Sales Executive",Sales,5,0,4,205
618,"Sales Executive",Sales,0,0,0,205
615,"Sales Executive",Sales,1,0,0,205
868,"Sales Executive",Sales,1,0,0,205
714,"Sales Executive",Sales,6,0,5,205
388,"Sales Executive",Sales,10,0,7,205
1497,"Sales Executive",Sales,10,0,7,205
1962,"Sales Executive",Sales,10,0,8,205
1965,"Sales Executive",Sales,7,0,7,205
956,"Sales Executive",Sales,7,0,7,205
1967,"Sales Executive",Sales,10,0,7,205
1678,"Sales Executive",Sales,2,0,0,205
1487,"Sales Executive",Sales,5,0,3,205
1113,"Sales Executive",Sales,0,0,0,205
378,"Sales Executive",Sales,5,0,4,205
709,"Sales Executive",Sales,7,0,7,205
1076,"Sales Executive",Sales,1,0,0,205
1732,"Sales Executive",Sales,10,0,6,205
366,"Sales Executive",Sales,0,0,0,205
1734,"Sales Executive",Sales,0,0,0,205
789,"Sales Executive",Sales,10,0,7,205
1114,"Sales Executive",Sales,3,0,2,205
1481,"Sales Executive",Sales,1,0,0,205
349,"Sales Executive",Sales,3,0,2,205
1739,"Sales Executive",Sales,4,0,3,205
1125,"Sales Executive",Sales,1,0,0,205
1749,"Sales Executive",Sales,5,0,2,205
1477,"Sales Executive",Sales,4,0,3,205
879,"Sales Executive",Sales,5,0,3,205
954,"Sales Executive",Sales,1,0,0,205
240,"Sales Executive",Sales,5,0,4,205
1304,"Sales Executive",Sales,10,0,7,205
1254,"Sales Executive",Sales,6,0,1,205
1757,"Sales Executive",Sales,5,0,1,205
1758,"Sales Executive",Sales,0,0,0,205
986,"Sales Executive",Sales,1,0,0,205
1761,"Sales Executive",Sales,1,0,0,205
885,"Sales Executive",Sales,5,0,2,205
1268,"Sales Executive",Sales,9,0,8,205
314,"Sales Executive",Sales,10,0,7,205
1047,"Sales Executive",Sales,15,0,1,205
1137,"Sales Executive",Sales,5,0,2,205
2018,"Sales Executive",Sales,5,0,3,205
1281,"Sales Executive",Sales,3,0,2,205
534,"Sales Executive",Sales,10,0,7,205
1446,"Sales Executive",Sales,4,0,3,205
684,"Sales Executive",Sales,1,0,1,205
1445,"Sales Executive",Sales,5,0,4,205
303,"Sales Executive",Sales,6,0,2,205
916,"Sales Executive",Sales,4,0,2,205
299,"Sales Executive",Sales,6,0,3,205
985,"Sales Executive",Sales,8,0,7,205
2037,"Sales Executive",Sales,5,0,4,205
1774,"Sales Executive",Sales,15,0,14,205
1436,"Sales Executive",Sales,3,0,2,205
1613,"Sales Executive",Sales,5,0,2,205
2044,"Sales Executive",Sales,6,0,3,205
2045,"Sales Executive",Sales,6,0,3,205
2046,"Sales Executive",Sales,5,0,3,205
1157,"Sales Executive",Sales,5,0,2,205
1428,"Sales Executive",Sales,3,0,2,205
1387,"Sales Executive",Sales,5,0,3,205
1105,"Sales Executive",Sales,1,0,0,205
1425,"Sales Executive",Sales,5,0,4,205
1371,"Sales Executive",Sales,6,0,2,205
819,"Sales Executive",Sales,3,0,2,205
293,"Sales Executive",Sales,7,0,7,205
990,"Sales Executive",Sales,7,0,7,205
947,"Sales Executive",Sales,9,0,8,205
1787,"Sales Executive",Sales,5,0,2,205
2065,"Sales Executive",Sales,9,0,6,205
1691,"Sales Representative",Sales,9,7,7,1
1710,"Sales Representative",Sales,13,6,7,2
941,"Sales Representative",Sales,7,5,7,3
1541,"Sales Representative",Sales,11,5,10,3
311,"Sales Representative",Sales,9,5,8,3
1864,"Sales Representative",Sales,9,5,8,3
1554,"Sales Representative",Sales,5,4,3,7
205,"Sales Representative",Sales,7,4,7,7
783,"Sales Representative",Sales,8,3,7,9
766,"Sales Representative",Sales,2,2,2,10
1044,"Sales Representative",Sales,2,2,2,10
1439,"Sales Representative",Sales,3,2,2,10
49,"Sales Representative",Sales,2,2,2,10
1752,"Sales Representative",Sales,2,2,2,10
484,"Sales Representative",Sales,3,2,2,10
1135,"Sales Representative",Sales,2,2,2,10
1331,"Sales Representative",Sales,3,2,2,10
2013,"Sales Representative",Sales,2,2,2,10
1226,"Sales Representative",Sales,2,2,1,10
738,"Sales Representative",Sales,2,2,2,10
632,"Sales Representative",Sales,2,2,2,10
1657,"Sales Representative",Sales,2,2,2,10
399,"Sales Representative",Sales,2,2,2,10
1780,"Sales Representative",Sales,1,1,0,24
2021,"Sales Representative",Sales,2,1,2,24
585,"Sales Representative",Sales,3,1,2,24
2023,"Sales Representative",Sales,1,1,0,24
330,"Sales Representative",Sales,4,1,3,24
925,"Sales Representative",Sales,3,1,2,24
216,"Sales Representative",Sales,4,1,3,24
1273,"Sales Representative",Sales,1,1,0,24
893,"Sales Representative",Sales,2,1,2,24
1486,"Sales Representative",Sales,3,1,2,24
1556,"Sales Representative",Sales,3,1,2,24
478,"Sales Representative",Sales,3,1,2,24
555,"Sales Representative",Sales,2,1,2,24
1996,"Sales Representative",Sales,2,1,2,24
669,"Sales Representative",Sales,3,1,2,24
554,"Sales Representative",Sales,5,1,3,24
1495,"Sales Representative",Sales,1,0,0,40
1492,"Sales Representative",Sales,1,0,0,40
952,"Sales Representative",Sales,1,0,0,40
1680,"Sales Representative",Sales,2,0,2,40
508,"Sales Representative",Sales,1,0,0,40
1961,"Sales Representative",Sales,1,0,0,40
1427,"Sales Representative",Sales,1,0,0,40
248,"Sales Representative",Sales,4,0,3,40
2019,"Sales Representative",Sales,9,0,8,40
235,"Sales Representative",Sales,0,0,0,40
167,"Sales Representative",Sales,0,0,0,40
113,"Sales Representative",Sales,0,0,0,40
467,"Sales Representative",Sales,0,0,0,40
47,"Sales Representative",Sales,3,0,2,40
42,"Sales Representative",Sales,1,0,0,40
411,"Sales Representative",Sales,0,0,0,40
27,"Sales Representative",Sales,5,0,3,40
645,"Sales Representative",Sales,7,0,4,40
1875,"Sales Representative",Sales,1,0,0,40
805,"Sales Representative",Sales,3,0,2,40
1928,"Sales Representative",Sales,1,0,0,40
1379,"Sales Representative",Sales,1,0,0,40
648,"Sales Representative",Sales,1,0,0,40
666,"Sales Representative",Sales,8,0,2,40
494,"Sales Representative",Sales,1,0,0,40
667,"Sales Representative",Sales,4,0,3,40
749,"Sales Representative",Sales,1,0,0,40
1624,"Sales Representative",Sales,0,0,0,40
922,"Sales Representative",Sales,2,0,2,40
1364,"Sales Representative",Sales,1,0,0,40
485,"Sales Representative",Sales,1,0,0,40
1876,"Sales Representative",Sales,1,0,0,40
896,"Sales Representative",Sales,3,0,2,40
1077,"Sales Representative",Sales,2,0,2,40
1190,"Sales Representative",Sales,1,0,0,40
974,"Sales Representative",Sales,3,0,1,40
959,"Sales Representative",Sales,1,0,0,40
900,"Sales Representative",Sales,5,0,4,40
2060,"Sales Representative",Sales,4,0,2,40
1835,"Sales Representative",Sales,4,0,2,40
1056,"Sales Representative",Sales,1,0,0,40
1055,"Sales Representative",Sales,1,0,1,40
614,"Sales Representative",Sales,0,0,0,40
1702,"Sales Representative",Sales,3,0,2,40
